{
	"name": "Frost68",
	"vendorId": "0x1209",
	"productId": "0x68A0",
	"menus": [
		"qmk_rgb_matrix"
	],
	"matrix": {
		"rows": 5,
		"cols": 16
	},
	"layouts": {
		"keymap": [
			{
				"name": "Skeleton68_rev2"
			},
			[
				{
					"y": 0.9,
					"x": 17.37
				},
				"0,15"
			],
			[
				{
					"y": -0.98,
					"x": 3.76
				},
				"0,2"
			],
			[
				{
					"y": -0.96,
					"x": 13.18
				},
				"0,11"
			],
			[
				{
					"y": -0.96,
					"x": 1.76,
					"c": "#777777"
				},
				"0,0",
				{
					"c": "#cccccc"
				},
				"0,1",
				{
					"x": 10.42
				},
				"0,12",
				{
					"c": "#aaaaaa",
					"w": 2
				},
				"0,13"
			],
			[
				{
					"y": -0.10000000000000009,
					"x": 17.57,
					"c": "#cccccc"
				},
				"1,15"
			],
			[
				{
					"y": -0.94,
					"x": 12.98
				},
				"1,11"
			],
			[
				{
					"y": -0.96,
					"x": 1.535,
					"c": "#aaaaaa",
					"w": 1.5
				},
				"1,0",
				{
					"c": "#cccccc"
				},
				"1,1",
				{
					"x": 9.945
				},
				"1,12",
				"1,13",
				{
					"c": "#aaaaaa",
					"w": 1.5
				},
				"1,14"
			],
			[
				{
					"y": -0.10000000000000009,
					"x": 17.77,
					"c": "#cccccc"
				},
				"2,15"
			],
			[
				{
					"y": -0.8999999999999999,
					"x": 1.37,
					"c": "#aaaaaa",
					"w": 1.75
				},
				"2,0",
				{
					"c": "#cccccc"
				},
				"2,1",
				{
					"x": 9.14
				},
				"2,11",
				"2,12",
				{
					"c": "#777777",
					"w": 2.25
				},
				"2,13"
			],
			[
				{
					"x": 1.1,
					"c": "#aaaaaa",
					"w": 2.25
				},
				"3,0",
				{
					"c": "#cccccc"
				},
				"3,1",
				{
					"x": 8.67
				},
				"3,11",
				"3,12",
				{
					"c": "#aaaaaa",
					"w": 1.75
				},
				"3,13",
				{
					"c": "#cccccc"
				},
				"3,14"
			],
			[
				{
					"x": 1.1,
					"c": "#aaaaaa",
					"w": 1.5
				},
				"4,0",
				{
					"w": 1.5
				},
				"4,1",
				{
					"x": 10.17,
					"w": 1.5
				},
				"4,12",
				{
					"c": "#cccccc"
				},
				"4,13",
				"4,14",
				"4,15"
			],
			[
				{
					"r": 12,
					"rx": 0.1,
					"x": 4.9
				},
				"0,3",
				"0,4",
				"0,5",
				"0,6"
			],
			[
				{
					"x": 4.4
				},
				"1,2",
				"1,3",
				"1,4",
				"1,5"
			],
			[
				{
					"x": 4.7
				},
				"2,2",
				"2,3",
				"2,4",
				"2,5"
			],
			[
				{
					"x": 5.2
				},
				"3,2",
				"3,3",
				"3,4",
				"3,5"
			],
			[
				{
					"x": 5.95,
					"c": "#aaaaaa",
					"w": 2.25
				},
				"4,3",
				{
					"x": 5.329070518200751e-15
				},
				"4,5"
			],
			[
				{
					"r": -12,
					"rx": 0.2,
					"y": 3.6,
					"x": 8.35,
					"c": "#cccccc"
				},
				"0,7",
				"0,8",
				"0,9",
				"0,10"
			],
			[
				{
					"x": 7.849999999999999
				},
				"1,7",
				{
					"x": 5.329070518200751e-15
				},
				"1,8",
				"1,9",
				"1,10"
			],
			[
				{
					"x": 7.999999999999999
				},
				"2,7",
				"2,8",
				"2,9",
				"2,10"
			],
			[
				{
					"x": 7.55
				},
				"3,7",
				"3,8",
				"3,9",
				"3,10"
			],
			[
				{
					"x": 7.55,
					"c": "#aaaaaa",
					"w": 2.75
				},
				"4,7"
			],
			[
				{
					"y": -0.9500000000000002,
					"x": 10.3,
					"w": 1.5
				},
				"4,10"
			]
		]
	}
}